{
  "Q1": 0.347521338994828,
  "Q2": 0.4201273145721972,
  "Q3": 0.4015538258513565,
  "Q4": 0.4187623187666428,
  "Q5": 0.33570244557032525,
  "Q6": 0.41346565742120156,
  "Q7": 0.3477721211525401,
  "Q8": 0.4183050518789128,
  "Q9": 0.3686583318016238,
  "Q10": 0.3977504340651891,
  "Q11": 0.40102903995517414,
  "Q12": 0.2708656584816453,
  "Q13": 0.3749348478852039,
  "Q14": 0.4361438155876884,
  "Q15": 0.34157398907906017,
  "Q16": 0.3943384800509955,
  "Q17": 0.38233809520951617,
  "Q18": 0.4066270258592108,
  "Q19": 0.32724310752365093,
  "Q20": 0.4174978572888766,
  "Q21": 0.4079513606994069,
  "Q22": 0.3478910324662795
}