{
  "Q1": 0.36510796605818946,
  "Q2": 0.43276847728538487,
  "Q3": 0.3908013776640817,
  "Q4": 0.43185451326354435,
  "Q5": 0.3460272995557722,
  "Q6": 0.4193061345132697,
  "Q7": 0.33485933845133736,
  "Q8": 0.42286936749403964,
  "Q9": 0.3770367361134402,
  "Q10": 0.31822400120711736,
  "Q11": 0.4034977280679738,
  "Q12": 0.2733207098190601,
  "Q13": 0.365350843939212,
  "Q14": 0.3889338740911652,
  "Q15": 0.32930287141604175,
  "Q16": 0.4107923873219063,
  "Q17": 0.38793235008087207,
  "Q18": 0.43390884494183796,
  "Q19": 0.3114411909708205,
  "Q20": 0.42429543323416935,
  "Q21": 0.38422339158500435,
  "Q22": 0.33425897035401
}