{
  "Q1": 0.882512794771799,
  "Q2": 0.7853966181467686,
  "Q3": 0.833566391496373,
  "Q4": 0.8406829951047797,
  "Q5": 0.867797505839601,
  "Q6": 0.8672994371174024,
  "Q7": 0.8485861906948104,
  "Q8": 0.8901075256454617,
  "Q9": 0.8694435873320152,
  "Q10": 0.8654241224241077,
  "Q11": 0.8519354012128391,
  "Q12": 0.8883305480358623,
  "Q13": 0.8801867935034016,
  "Q14": 0.8772403291294902,
  "Q15": 0.9196137630649138,
  "Q16": 0.7905601450380403,
  "Q17": 0.8567072813791448,
  "Q18": 0.8344761088699901,
  "Q19": 0.854404435668151,
  "Q20": 0.8638718821592496,
  "Q21": 0.9001770421311294,
  "Q22": 0.8528126929872758
}