{
  "Q1": 0.4516980495086869,
  "Q2": 0.6378118827973386,
  "Q3": 0.5943840056051628,
  "Q4": 0.5638931348132256,
  "Q5": 0.4144596552513337,
  "Q6": 0.5221286691199692,
  "Q7": 0.5628720433225861,
  "Q8": 0.45617413780427546,
  "Q9": 0.45881699212481153,
  "Q10": 0.532658062828094,
  "Q11": 0.5509470583088448,
  "Q12": 0.39093314207475094,
  "Q13": 0.5142745609609329,
  "Q14": 0.5027189981653406,
  "Q15": 0.4066728025613027,
  "Q16": 0.6138427461668711,
  "Q17": 0.543220552933234,
  "Q18": 0.6291609739349887,
  "Q19": 0.5559650798508733,
  "Q20": 0.5011261590251168,
  "Q21": 0.4823627349561253,
  "Q22": 0.5626145419209581
}