{
  "Q1": 5.363445511637444e-07,
  "Q2": 5.363445511637444e-07,
  "Q3": 0.010139559944839891,
  "Q4": 5.363445511637444e-07,
  "Q5": 5.363445511637444e-07,
  "Q6": 5.363445511637444e-07,
  "Q7": 5.363445511637444e-07,
  "Q8": 5.363445511637444e-07,
  "Q9": 5.363445511637444e-07,
  "Q10": 5.363445511637444e-07,
  "Q11": 5.363445511637444e-07,
  "Q12": 5.363445511637444e-07,
  "Q13": 5.363445511637444e-07,
  "Q14": 5.363445511637444e-07,
  "Q15": 0.99999947848782,
  "Q16": 5.363445511637444e-07,
  "Q17": 0.99999947848782,
  "Q18": 5.363445511637444e-07,
  "Q19": 5.363445511637444e-07,
  "Q20": 5.363445511637444e-07,
  "Q21": 5.363445511637444e-07,
  "Q22": 0.99999947848782,
  "Q23": 5.363445511637444e-07,
  "Q24": 5.363445511637444e-07,
  "Q25": 5.363445511637444e-07,
  "Q26": 0.99999947848782,
  "Q27": 5.363445511637444e-07,
  "Q28": 5.363445511637444e-07,
  "Q29": 5.363445511637444e-07,
  "Q30": 5.363445511637444e-07,
  "Q31": 5.363445511637444e-07,
  "Q32": 5.363445511637444e-07,
  "Q33": 5.363445511637444e-07,
  "Q34": 5.363445511637444e-07,
  "Q35": 5.363445511637444e-07,
  "Q36": 5.363445511637444e-07,
  "Q37": 0.99999947848782,
  "Q38": 5.363445511637444e-07,
  "Q39": 5.363445511637444e-07,
  "Q40": 5.363445511637444e-07
}