{
  "Q1": 0.8721799045881052,
  "Q2": 0.48094792032830047,
  "Q3": 0.5866994816685451,
  "Q4": 0.7129007744355799,
  "Q5": 0.05498482678691549,
  "Q6": 0.47778419289582386,
  "Q7": 0.2879289704216256,
  "Q8": 0.9333760858380203,
  "Q9": 0.17272920488907542,
  "Q10": 0.28204321164770796,
  "Q11": 0.35634355565212555,
  "Q12": 5.363445511637444e-07,
  "Q13": 0.2470155561324232,
  "Q14": 0.43965278300897,
  "Q15": 0.99999947848782,
  "Q16": 0.2534319089359034,
  "Q17": 0.99999947848782,
  "Q18": 0.2855590093553351,
  "Q19": 0.99999947848782,
  "Q20": 0.33472953266318095,
  "Q21": 0.46432186330909553,
  "Q22": 0.99999947848782,
  "Q23": 0.5331071716170843,
  "Q24": 0.6843186747595532,
  "Q25": 0.8397723607725307,
  "Q26": 0.99999947848782,
  "Q27": 0.2724343554655337,
  "Q28": 0.44448587161366454,
  "Q29": 0.4266354432675992,
  "Q30": 0.20720526562795227,
  "Q31": 0.2645712493656049,
  "Q32": 0.22663411212473938,
  "Q33": 0.1423110112672122,
  "Q34": 0.3511185579923516,
  "Q35": 0.37401192146696627,
  "Q36": 0.4952509767779253,
  "Q37": 0.3908154784326886,
  "Q38": 0.9134511749233443,
  "Q39": 0.27411782190654854,
  "Q40": 5.363445511637444e-07
}