{
  "Q1": 0.6550034143317801,
  "Q2": 0.623207553178379,
  "Q3": 0.6108718669864726,
  "Q4": 0.6222435251386276,
  "Q5": 0.6600603198762589,
  "Q6": 0.6510958170964538,
  "Q7": 0.6505896057665809,
  "Q8": 0.6571798551407704,
  "Q9": 0.6611976017426128,
  "Q10": 0.6612085274485661,
  "Q11": 0.6591853264983725,
  "Q12": 0.6592031100848852,
  "Q13": 0.6463614172409888,
  "Q14": 0.6344522250550414,
  "Q15": 0.6313367904203622,
  "Q16": 0.6593043213386849,
  "Q17": 0.6429328437486481,
  "Q18": 0.6527090878977714,
  "Q19": 0.6466514588459473,
  "Q20": 0.6439910537438465,
  "Q21": 0.6253185964829274,
  "Q22": 0.6562918451271822,
  "Q23": 0.61550548886406,
  "Q24": 0.6441077968739385,
  "Q25": 0.6250999809321679,
  "Q26": 0.6605001700314531,
  "Q27": 0.6335235208600275,
  "Q28": 0.6268860801867886,
  "Q29": 0.6591740564465479,
  "Q30": 0.6471155406628251,
  "Q31": 0.6684383482610037,
  "Q32": 0.6502086413324786,
  "Q33": 0.6605375064712438,
  "Q34": 0.6473850282271718,
  "Q35": 0.6623477888971144,
  "Q36": 0.614718779815689,
  "Q37": 0.6440312950068104,
  "Q38": 0.6003882827045489,
  "Q39": 0.6548952250672017,
  "Q40": 0.6603740690595603
}