{
  "Q1": 0.6461480637055246,
  "Q2": 0.646156249322101,
  "Q3": 0.6994971900695953,
  "Q4": 0.8247024849816874,
  "Q5": 0.05436112414358666,
  "Q6": 0.2638396935551459,
  "Q7": 0.3304566633393499,
  "Q8": 0.8612921895120669,
  "Q9": 0.19120198429626226,
  "Q10": 0.04503106880738122,
  "Q11": 0.3548795927776566,
  "Q12": 0.08817149608733442,
  "Q13": 0.23239681874201215,
  "Q14": 0.4069474787595511,
  "Q15": 0.99999947848782,
  "Q16": 0.16459440155316973,
  "Q17": 0.99999947848782,
  "Q18": 0.2979393344405584,
  "Q19": 0.99999947848782,
  "Q20": 0.839812317214412,
  "Q21": 0.44515254890551403,
  "Q22": 0.99999947848782,
  "Q23": 0.8723591429331969,
  "Q24": 0.38457773048709676,
  "Q25": 0.73683788287329,
  "Q26": 0.99999947848782,
  "Q27": 0.7797502648164091,
  "Q28": 0.652583851048853,
  "Q29": 0.40718311104360533,
  "Q30": 0.2683380066525457,
  "Q31": 0.25353667467227364,
  "Q32": 0.23333903900074543,
  "Q33": 0.02447129201796694,
  "Q34": 0.4852659037452788,
  "Q35": 0.3116680429442978,
  "Q36": 0.5788887357461676,
  "Q37": 0.5090498638241153,
  "Q38": 0.5348109399292823,
  "Q39": 0.27624995794560464,
  "Q40": 0.05929417588007693
}