{
  "GS1": 0.8794520209934201,
  "GS2": 0.8785890024800824,
  "GS3": 0.8756974967828614,
  "GS4": 0.9015593768573334,
  "GS5": 0.8594991318339693,
  "GS6": 0.852171984270813,
  "GS7": 0.8827764298738608,
  "GS8": 0.8580781670879776,
  "GS9": 0.8923179137043419,
  "GS10": 0.844411965056666,
  "GS11": 0.8940445415703927,
  "GS12": 0.8873530484833388
}