{
  "GS1": 0.6098856958685871,
  "GS2": 0.8341568526584553,
  "GS3": 0.5989777265224511,
  "GS4": 0.7210006197223288,
  "GS5": 0.8920402231920718,
  "GS6": 0.6902159780372782,
  "GS7": 0.99999947848782,
  "GS8": 0.99999947848782,
  "GS9": 0.99999947848782,
  "GS10": 0.9381881451070965,
  "GS11": 0.43783071044223815,
  "GS12": 0.7614028525121108
}