{
  "GS1": 0.7855538978310111,
  "GS2": 0.4955613911473809,
  "GS3": 0.33416039726734914,
  "GS4": 0.7854005534865355,
  "GS5": 0.5511357578924592,
  "GS6": 0.7134739070127653,
  "GS7": 0.6594087856679612,
  "GS8": 0.907141511734999,
  "GS9": 0.99999947848782,
  "GS10": 0.99999947848782,
  "GS11": 0.26380195279568913,
  "GS12": 0.8988386136787976
}