{
  "GS1": 0.712416553861311,
  "GS2": 0.6978770964874044,
  "GS3": 0.6119603715117587,
  "GS4": 0.683984029012406,
  "GS5": 0.9159800317958398,
  "GS6": 0.7010316385154066,
  "GS7": 0.99999947848782,
  "GS8": 0.99999947848782,
  "GS9": 0.99999947848782,
  "GS10": 0.9365806578098211,
  "GS11": 0.40221776719756513,
  "GS12": 0.8139371155017641
}