{
  "dataset": "tma",
  "num_people": 5410,
  "num_items": 50,
  "response_cardinality": 2,
  "missingness_rate": 0.2,
  "baseline": {
    "spearman_r": -0.013535260306183967,
    "spearman_p": 0.3195560952608505,
    "kendall_tau": -0.008969441975430148,
    "kendall_p": 0.3225310431323689,
    "rmse": 0.3655539727553896
  },
  "imputed": {
    "spearman_r": -0.022219063357202595,
    "spearman_p": 0.10223864831469286,
    "kendall_tau": -0.014860903081705751,
    "kendall_p": 0.10120093921289232,
    "rmse": 0.35903342731834964
  }
}