{
  "Q1": 0.39206238438188473,
  "Q2": 0.3200232814646772,
  "Q3": 0.4559901802303294,
  "Q4": 0.3262615645556687,
  "Q5": 0.4577173027880131,
  "Q6": 0.39224217645676557,
  "Q7": 0.427101924327798,
  "Q8": 0.33997853066874817,
  "Q9": 0.4072441475533233,
  "Q10": 0.38472955383311586,
  "Q11": 0.36755052490374335,
  "Q12": 0.4569067659588922,
  "Q13": 0.4260952997525262,
  "Q14": 0.32416662018768383,
  "Q15": 0.6869300554889893,
  "Q16": 0.3682423444545589,
  "Q17": 0.3354414374381228,
  "Q18": 0.39305176388607815,
  "Q19": 0.45331716557867097,
  "Q20": 0.4530244006736767,
  "Q21": 0.2334082233385046,
  "Q22": 0.3903604042781338,
  "Q23": 0.26981619989124894,
  "Q24": 0.20330987777884318,
  "Q25": 0.28273532748581615,
  "Q26": 0.40575114233096543,
  "Q27": 0.3542282361859412,
  "Q28": 0.36145074179355857,
  "Q29": 0.2390811582243001,
  "Q30": 0.29479796629271515,
  "Q31": 0.30165909102798183,
  "Q32": 0.2855495364967985,
  "Q33": 0.3130062312837287,
  "Q34": 0.26807375975166126,
  "Q35": 0.4199394262787261,
  "Q36": 0.3405203499029713,
  "Q37": 0.38304058811993197,
  "Q38": 0.3843014981425771,
  "Q39": 0.25138755397381585,
  "Q40": 0.33249456320683635,
  "Q41": 0.3102895741766121,
  "Q42": 0.4298924929516449,
  "Q43": 0.3804014011224567,
  "Q44": 0.35137052280332337,
  "Q45": 0.2394201866004964,
  "Q46": 0.2204893667030243,
  "Q47": 0.2869390965951685,
  "Q48": 0.2195592511806134,
  "Q49": 0.16710965909315106,
  "Q50": 0.42032446733034834
}