{
  "Q1": 0.6481440686824879,
  "Q2": 0.6469919897048344,
  "Q3": 0.6432058631306216,
  "Q4": 0.6526781924980236,
  "Q5": 0.6403753696621822,
  "Q6": 0.6228810787883808,
  "Q7": 0.6298170702328683,
  "Q8": 0.64658594153283,
  "Q9": 0.6527973029581331,
  "Q10": 0.6516939789001814,
  "Q11": 0.6091828240695873,
  "Q12": 0.651626128426622,
  "Q13": 0.6372047255381589,
  "Q14": 0.6452134231528609,
  "Q15": 0.650707572251254,
  "Q16": 0.6522340356137604,
  "Q17": 0.6458971476244717,
  "Q18": 0.6367988921714287,
  "Q19": 0.6501191296496519,
  "Q20": 0.6521249471593518,
  "Q21": 0.6511171208042548,
  "Q22": 0.6166518688242169,
  "Q23": 0.648300212440272,
  "Q24": 0.6508370927526489,
  "Q25": 0.6665299696697337,
  "Q26": 0.6190698119187582,
  "Q27": 0.6116828655864217,
  "Q28": 0.602105674247013,
  "Q29": 0.6508786163321911,
  "Q30": 0.6512620461866416,
  "Q31": 0.6204237544256096,
  "Q32": 0.6508880605094904,
  "Q33": 0.6301675670725342,
  "Q34": 0.6495706169578592,
  "Q35": 0.6375722630044116,
  "Q36": 0.6156649275984013,
  "Q37": 0.636942909996466,
  "Q38": 0.6281102955180587,
  "Q39": 0.6447221530056072,
  "Q40": 0.6173847476446951,
  "Q41": 0.6368835438809127,
  "Q42": 0.5946930407963481,
  "Q43": 0.6129985141783271,
  "Q44": 0.6487300609528688,
  "Q45": 0.6383048020221899,
  "Q46": 0.6319047335234438,
  "Q47": 0.6328906592331253,
  "Q48": 0.6296428672876908,
  "Q49": 0.6430398866604348,
  "Q50": 0.6537580920899777
}