{
  "Q1": 0.09453652758523502,
  "Q2": 0.3318257291170993,
  "Q3": 0.45143792365729185,
  "Q4": 0.1053862911575364,
  "Q5": 0.1940078398592241,
  "Q6": 5.363445511637444e-07,
  "Q7": 0.1014626246636931,
  "Q8": 0.6177673098630978,
  "Q9": 0.30837949542169435,
  "Q10": 0.2509832810190627,
  "Q11": 5.363445511637444e-07,
  "Q12": 0.38858260112598186,
  "Q13": 0.07207123377562683,
  "Q14": 0.016057287681267303,
  "Q15": 0.16757840603733973,
  "Q16": 0.3250846300104128,
  "Q17": 0.04920667899275172,
  "Q18": 0.17576227383778611,
  "Q19": 0.33678219897737105,
  "Q20": 0.319961110896683,
  "Q21": 0.05315475357771803,
  "Q22": 5.363445511637444e-07,
  "Q23": 0.03753883679342188,
  "Q24": 0.36717278863475045,
  "Q25": 0.07898380295951575,
  "Q26": 0.023773504211504207,
  "Q27": 5.363445511637444e-07,
  "Q28": 5.363445511637444e-07,
  "Q29": 0.24152249122189187,
  "Q30": 0.23253094882096184,
  "Q31": 5.363445511637444e-07,
  "Q32": 0.03019246500297097,
  "Q33": 0.2632718606948957,
  "Q34": 0.08574138403718067,
  "Q35": 0.032685401785250194,
  "Q36": 0.0168566903422208,
  "Q37": 5.363445511637444e-07,
  "Q38": 0.05643860368340863,
  "Q39": 5.363445511637444e-07,
  "Q40": 5.363445511637444e-07,
  "Q41": 5.363445511637444e-07,
  "Q42": 0.004910877134279415,
  "Q43": 5.363445511637444e-07,
  "Q44": 0.3021108697384446,
  "Q45": 5.363445511637444e-07,
  "Q46": 5.363445511637444e-07,
  "Q47": 5.363445511637444e-07,
  "Q48": 5.363445511637444e-07,
  "Q49": 5.363445511637444e-07,
  "Q50": 5.363445511637444e-07
}