{
  "Q1": 0.6489970965486691,
  "Q2": 0.6463510633631546,
  "Q3": 0.6432447704977052,
  "Q4": 0.6526769679760144,
  "Q5": 0.6399572451060254,
  "Q6": 0.6204108953115736,
  "Q7": 0.6337950871872889,
  "Q8": 0.6466546981321029,
  "Q9": 0.6527284075973789,
  "Q10": 0.651523344754759,
  "Q11": 0.6023034094572642,
  "Q12": 0.6521845977804874,
  "Q13": 0.635364976467199,
  "Q14": 0.6425738739998546,
  "Q15": 0.6520123162907999,
  "Q16": 0.6518374340030378,
  "Q17": 0.6462447975245553,
  "Q18": 0.6379564227152769,
  "Q19": 0.6507091333515431,
  "Q20": 0.6516443431104418,
  "Q21": 0.6517641882758943,
  "Q22": 0.6157298324264731,
  "Q23": 0.6483103968565365,
  "Q24": 0.6504386311066451,
  "Q25": 0.6658406257160023,
  "Q26": 0.6148616176411016,
  "Q27": 0.5855840574296679,
  "Q28": 0.6111962716598306,
  "Q29": 0.6507897736896974,
  "Q30": 0.6514139952655716,
  "Q31": 0.6166429814270337,
  "Q32": 0.6510895568810159,
  "Q33": 0.6308880066819641,
  "Q34": 0.6499780974188006,
  "Q35": 0.6365732241035759,
  "Q36": 0.6089254698654244,
  "Q37": 0.6051701605008164,
  "Q38": 0.6293397243490765,
  "Q39": 0.6448803060480168,
  "Q40": 0.6165316829550078,
  "Q41": 0.6445967379585064,
  "Q42": 0.6055175875879587,
  "Q43": 0.6151892777000647,
  "Q44": 0.6491910429929307,
  "Q45": 0.6394273058176866,
  "Q46": 0.6315705583315137,
  "Q47": 0.6326338382892924,
  "Q48": 0.6218308091399037,
  "Q49": 0.6433803380216025,
  "Q50": 0.6248683359738332
}