{
  "Q1": 0.37785071210517707,
  "Q2": 0.34620211572949106,
  "Q3": 0.4519492946784805,
  "Q4": 0.28808082881998875,
  "Q5": 0.4356386477162565,
  "Q6": 0.39227671443178136,
  "Q7": 0.4271286432350513,
  "Q8": 0.32229832452518165,
  "Q9": 0.41328336062655974,
  "Q10": 0.3425245831929903,
  "Q11": 0.3322914202421773,
  "Q12": 0.4296542330800296,
  "Q13": 0.41573217216168884,
  "Q14": 0.34247308799515624,
  "Q15": 0.6117782006220773,
  "Q16": 0.3332729484256502,
  "Q17": 0.350714347981248,
  "Q18": 0.40295795329014916,
  "Q19": 0.3975975269834484,
  "Q20": 0.41167311457869343,
  "Q21": 0.25913867779817973,
  "Q22": 0.3862443581629243,
  "Q23": 0.2777751527833186,
  "Q24": 0.29415590097419314,
  "Q25": 0.30402149134137135,
  "Q26": 0.39517846214160407,
  "Q27": 0.3295976687482731,
  "Q28": 0.34552562797836245,
  "Q29": 0.2585620836974038,
  "Q30": 0.2981420129024684,
  "Q31": 0.25732899402388826,
  "Q32": 0.28436764987788116,
  "Q33": 0.3168779314633491,
  "Q34": 0.28466036796885463,
  "Q35": 0.41893937684943133,
  "Q36": 0.3118892583051258,
  "Q37": 0.3790774541489001,
  "Q38": 0.3772079427466136,
  "Q39": 0.24869782875606478,
  "Q40": 0.30652000158632686,
  "Q41": 0.310961840963007,
  "Q42": 0.41519761966831936,
  "Q43": 0.3588277578093207,
  "Q44": 0.3641444596193976,
  "Q45": 0.24882245369968864,
  "Q46": 0.20704010424933442,
  "Q47": 0.26651579973887424,
  "Q48": 0.19735087152068798,
  "Q49": 0.1990058428745639,
  "Q50": 0.4078378678100722
}