{
  "E1": 0.49438939904073226,
  "E2": 0.7051200437932251,
  "E3": 0.6856659677009458,
  "E4": 0.6961743251002668,
  "E5": 0.31315480413772456,
  "E6": 0.99999947848782,
  "E7": 0.4233290283554828,
  "E8": 0.9311378386659435,
  "E9": 0.8499455463675714,
  "E10": 0.6741086753362944,
  "E11": 0.39479622559040595,
  "E12": 0.94998124279034,
  "E13": 0.2686205925852076,
  "E14": 0.7796470559720267,
  "E15": 0.36994606910983957,
  "E16": 0.6419696898700179,
  "E17": 0.8684765326843777,
  "E18": 0.9101040961430301,
  "E19": 0.5193738203080336,
  "E20": 0.38918559043506806,
  "E21": 0.99999947848782,
  "E22": 0.747985932218957,
  "E23": 0.4605470548431626,
  "E24": 0.9409190918190289,
  "E25": 0.7582261567717823,
  "E26": 0.4415144553449167,
  "E27": 0.969338279484157,
  "E28": 0.99999947848782,
  "E29": 0.5919712865309145,
  "E30": 0.5796668271622168,
  "E31": 0.99999947848782,
  "E32": 0.42727840506970227,
  "E33": 0.32925505024128965,
  "E34": 0.5488569513986562,
  "E35": 0.8232483045953164,
  "E36": 0.99999947848782,
  "E37": 0.20001855827367962,
  "E38": 0.99999947848782,
  "E39": 0.6922561881754231,
  "E40": 0.99999947848782,
  "E41": 0.25604813112765945,
  "E42": 0.8498616851903449,
  "E43": 0.99999947848782,
  "E44": 0.5738631458963785,
  "E45": 0.99999947848782,
  "E46": 0.8403802643320805,
  "E47": 0.7555022933142693,
  "E48": 0.3476228362335762,
  "E49": 0.4690193763629395,
  "E50": 0.8913744968160232,
  "E51": 0.2671365527953303,
  "E52": 0.99999947848782,
  "E53": 0.5110166603238767,
  "E54": 0.99999947848782,
  "E55": 0.3241025671993854,
  "E56": 0.99999947848782,
  "E57": 0.26104809475863555,
  "E58": 0.45272470429884765,
  "E59": 0.5422175893046309,
  "E60": 0.99999947848782,
  "S1": 0.5356675083859996,
  "S2": 0.7802240443159125,
  "S3": 0.6928131842296898,
  "S4": 0.725632856130862,
  "S5": 0.3254441893647809,
  "S6": 0.99999947848782,
  "S7": 0.44088723045633094,
  "S8": 0.8772932908687869,
  "S9": 0.99999947848782,
  "S10": 0.6306515124935204,
  "S11": 0.3951371891522695,
  "S12": 0.9140663873465638,
  "S13": 0.25866408308019695,
  "S14": 0.8650589309994065,
  "S15": 0.41667971941912924,
  "S16": 0.6382299929814337,
  "S17": 0.7895782425294037,
  "S18": 0.9292148251266803,
  "S19": 0.5140061771028226,
  "S20": 0.38101423740193674,
  "S21": 0.99999947848782,
  "S22": 0.7596770610589936,
  "S23": 0.42844448142873787,
  "S24": 0.9431771741882665,
  "S25": 0.8846503112645723,
  "S26": 0.4048795758114993,
  "S27": 0.8795049047753987,
  "S28": 0.99999947848782,
  "S29": 0.5716482139170037,
  "S30": 0.5397659888451628,
  "S31": 0.99999947848782,
  "S32": 0.4535822405215028,
  "S33": 0.3016489340952415,
  "S34": 0.5702837613270568,
  "S35": 0.78324499694976,
  "S36": 0.99999947848782,
  "S37": 0.19289423579759082,
  "S38": 0.99999947848782,
  "S39": 0.6512986158960434,
  "S40": 0.99999947848782,
  "S41": 0.25497763032754717,
  "S42": 0.8411717940899602,
  "S43": 0.99999947848782,
  "S44": 0.5506529023169869,
  "S45": 0.99999947848782,
  "S46": 0.8468440690573719,
  "S47": 0.7156078479175927,
  "S48": 0.33409508343059824,
  "S49": 0.4959958363066767,
  "S50": 0.8602233603430468,
  "S51": 0.2855510252865294,
  "S52": 0.99999947848782,
  "S53": 0.4965065335503837,
  "S54": 0.99999947848782,
  "S55": 0.3291981591591871,
  "S56": 0.99999947848782,
  "S57": 0.24942021995608132,
  "S58": 0.4535740705557999,
  "S59": 0.5637884326995225,
  "S60": 0.99999947848782
}