{
  "E1": 0.4745159370815737,
  "E2": 0.746162737726269,
  "E3": 0.7093222318179798,
  "E4": 0.6912774479821397,
  "E5": 0.2669682622017436,
  "E6": 0.99999947848782,
  "E7": 0.4195620274739378,
  "E8": 0.937053412916657,
  "E9": 0.9038846830724016,
  "E10": 0.6642665837211641,
  "E11": 0.381002377145915,
  "E12": 0.9941589481278398,
  "E13": 0.19953710389644128,
  "E14": 0.7773348094774254,
  "E15": 0.33663556018518254,
  "E16": 0.6361938082804532,
  "E17": 0.8873207542338369,
  "E18": 0.9597805950540174,
  "E19": 0.49449158488250844,
  "E20": 0.36964352890208885,
  "E21": 0.99999947848782,
  "E22": 0.7640375222473768,
  "E23": 0.4729739401924846,
  "E24": 0.9907727491751968,
  "E25": 0.762651952307099,
  "E26": 0.4566367911725537,
  "E27": 0.9518724982618733,
  "E28": 0.99999947848782,
  "E29": 0.5976487953431723,
  "E30": 0.5626085201932559,
  "E31": 0.99999947848782,
  "E32": 0.412540286697317,
  "E33": 0.27470228715502476,
  "E34": 0.5462378364897962,
  "E35": 0.8659719672238648,
  "E36": 0.99999947848782,
  "E37": 0.1481851650665521,
  "E38": 0.99999947848782,
  "E39": 0.693260538485263,
  "E40": 0.99999947848782,
  "E41": 0.20742398237163448,
  "E42": 0.9047477627425247,
  "E43": 0.99999947848782,
  "E44": 0.5729424286303446,
  "E45": 0.99999947848782,
  "E46": 0.8781348267406917,
  "E47": 0.767946659043798,
  "E48": 0.32232338806834016,
  "E49": 0.5196556521423502,
  "E50": 0.9019011628618476,
  "E51": 0.21745219262179608,
  "E52": 0.99999947848782,
  "E53": 0.5405224318568581,
  "E54": 0.99999947848782,
  "E55": 0.29421593223075926,
  "E56": 0.99999947848782,
  "E57": 0.22924342970427666,
  "E58": 0.42655370939747894,
  "E59": 0.5361672527863657,
  "E60": 0.99999947848782,
  "S1": 0.5146665483298535,
  "S2": 0.8249346451576459,
  "S3": 0.7158056461467003,
  "S4": 0.7186989380402584,
  "S5": 0.28440448238526445,
  "S6": 0.99999947848782,
  "S7": 0.43943256166260947,
  "S8": 0.8897938881045897,
  "S9": 0.99999947848782,
  "S10": 0.6217089800241999,
  "S11": 0.38327804726523795,
  "S12": 0.9557924933507708,
  "S13": 0.19359480389040595,
  "S14": 0.8595308488609663,
  "S15": 0.40278991484718346,
  "S16": 0.626982356689157,
  "S17": 0.8065830548742674,
  "S18": 0.9763746772969409,
  "S19": 0.489761924461303,
  "S20": 0.35768412848317965,
  "S21": 0.99999947848782,
  "S22": 0.7696742746290436,
  "S23": 0.4295267907610262,
  "S24": 0.99999947848782,
  "S25": 0.8882805361706483,
  "S26": 0.4145538464555532,
  "S27": 0.8667266420864366,
  "S28": 0.99999947848782,
  "S29": 0.5806988634766244,
  "S30": 0.521235199048443,
  "S31": 0.99999947848782,
  "S32": 0.44425209631063617,
  "S33": 0.23129208554780437,
  "S34": 0.5733681882105559,
  "S35": 0.8191270154529188,
  "S36": 0.99999947848782,
  "S37": 0.14035669731816375,
  "S38": 0.99999947848782,
  "S39": 0.6568219811428936,
  "S40": 0.99999947848782,
  "S41": 0.20295117267519244,
  "S42": 0.8928388200483742,
  "S43": 0.99999947848782,
  "S44": 0.5536773406537588,
  "S45": 0.99999947848782,
  "S46": 0.8713709578427509,
  "S47": 0.727755638509726,
  "S48": 0.30913280021097805,
  "S49": 0.5626366266895441,
  "S50": 0.8705485837038631,
  "S51": 0.2455811371286545,
  "S52": 0.99999947848782,
  "S53": 0.5120241716838102,
  "S54": 0.99999947848782,
  "S55": 0.30090481066409797,
  "S56": 0.99999947848782,
  "S57": 0.22539636166448387,
  "S58": 0.43049426017789016,
  "S59": 0.556361777569579,
  "S60": 0.99999947848782
}