{
  "Q1": 0.10629546238124178,
  "Q2": 0.1348234201373277,
  "Q3": 0.36596202804033895,
  "Q4": 0.41897537239602023,
  "Q5": 0.2708795317689623,
  "Q6": 0.4786718916615709,
  "Q7": 0.5017044018661375,
  "Q8": 0.2162159968783101,
  "Q9": 0.33821171507722253,
  "Q10": 0.39843118931808236,
  "Q11": 0.20010535565337167,
  "Q12": 0.29917720732337943,
  "Q13": 0.26629099729144484,
  "Q14": 0.38144672149073355,
  "Q15": 0.4253985049166567,
  "Q16": 0.4412803181181752,
  "Q17": 0.331910623524198,
  "Q18": 0.004875026454069154,
  "Q19": 0.17508206014212366,
  "Q20": 0.09833156775956096,
  "Q21": 0.19582887628607468,
  "Q22": 0.2449151079594157,
  "Q23": 0.38198080790085703,
  "Q24": 0.36795350040168917,
  "Q25": 0.49017071786479605,
  "Q26": 0.5349834394794395,
  "Q27": 0.4803451685023514,
  "Q28": 0.5109053012359112,
  "Q29": 0.45182267552916944,
  "Q30": 0.392907495956651,
  "Q31": 0.19814513606478676,
  "Q32": 0.47810487970850246,
  "Q33": 0.3239832061964948,
  "Q34": 0.428877658541809,
  "Q35": 0.3885501955004593,
  "Q36": 0.4728309168603515,
  "Q37": 0.21455009185629048,
  "Q38": 0.3703129465118006,
  "Q39": 0.456257254813786,
  "Q40": 0.4605174605947276,
  "Q41": 0.45204399765422626,
  "Q42": 0.36186209292206334,
  "Q43": 0.33175210317516945,
  "Q44": 0.8957748101584829,
  "Q45": 0.41257305988601056,
  "Q46": 0.4365001144324371,
  "Q47": 0.47690967080793156,
  "Q48": 0.48617549464981247,
  "Q49": 0.5113002769840032,
  "Q50": 0.469519870383242,
  "Q51": 0.46700485273594816,
  "Q52": 0.4610917347504515,
  "Q53": 0.2612647223988985,
  "Q54": 0.42450701056788687,
  "Q55": 0.4828350494435289,
  "Q56": 0.4137341825737008,
  "Q57": 0.46477841721910623,
  "Q58": 0.3499722515484472,
  "Q59": 0.07200503890005786,
  "Q60": 0.07387779391718746,
  "Q61": 0.17683484105492167,
  "Q62": 0.37508910769348547,
  "Q63": 0.43375078643834625,
  "Q64": 0.43435397651799657,
  "Q65": 0.39001113553907174,
  "Q66": 0.4367148663713039,
  "Q67": 0.17486418199411946,
  "Q68": 0.15932174311737998,
  "Q69": 0.3769979800120366,
  "Q70": 0.15020514445711433,
  "Q71": 0.27676370123205896,
  "Q72": 0.16171147061946203,
  "Q73": 0.2817692046047743,
  "Q74": 0.06783176359661065,
  "Q75": 0.03128435877662728,
  "Q76": 0.3844247088287934,
  "Q77": 0.39509096336742755,
  "Q78": 0.24639136475382586,
  "Q79": 0.3418745864502596,
  "Q80": 0.36599580501582446,
  "Q81": 0.3620067707749339,
  "Q82": 0.48081817528348747,
  "Q83": 0.4155526191294736,
  "Q84": 0.4418977066443188,
  "Q85": 0.3707201329133457,
  "Q86": 0.4433123634216147,
  "Q87": 0.4011111806042399,
  "Q88": 0.4902719332048676,
  "Q89": 0.24323215824924604,
  "Q90": 0.4254739290391931,
  "Q91": 0.4865392554871685,
  "Q92": 0.2850380900062707,
  "Q93": 0.23269923938966927,
  "Q94": 0.24140606826826047,
  "Q95": 0.26925921358521737,
  "Q96": 0.3549395736857327,
  "Q97": 0.26082119397307485,
  "Q98": 0.05415857483515194,
  "Q99": 5.363445511637444e-07,
  "Q100": 0.09655007821291416,
  "Q101": 0.715004979031662,
  "Q102": 0.5064195862510528,
  "Q103": 0.5847162559677958,
  "Q104": 0.4903901490210431,
  "Q105": 0.4232162846823169,
  "Q106": 0.43300845554078404,
  "Q107": 0.2190186441255477,
  "Q108": 0.016969639361623098,
  "Q109": 0.40493705340386715,
  "Q110": 0.48403204862084187,
  "Q111": 0.4369379715775111,
  "Q112": 0.35898547357833616,
  "Q113": 0.5195774699620889,
  "Q114": 0.5876324742160073,
  "Q115": 0.4638166372848764,
  "Q116": 0.4544301927343676
}