{
  "Q1": 5.363445511637444e-07,
  "Q2": 0.02608471318100947,
  "Q3": 0.05078234129343245,
  "Q4": 0.10388753668484162,
  "Q5": 0.13857137346340853,
  "Q6": 0.03701270086426591,
  "Q7": 0.10319980275412484,
  "Q8": 0.11887921411453653,
  "Q9": 0.05860371861239827,
  "Q10": 5.363445511637444e-07,
  "Q11": 0.07828326978493301,
  "Q12": 0.16165406109141742,
  "Q13": 0.04608942844802834,
  "Q14": 5.363445511637444e-07,
  "Q15": 0.012114597036120311,
  "Q16": 0.11310622876435797,
  "Q17": 0.33674015066900387,
  "Q18": 5.363445511637444e-07,
  "Q19": 0.19773987072769678,
  "Q20": 0.1893532117291394,
  "Q21": 5.363445511637444e-07,
  "Q22": 5.363445511637444e-07,
  "Q23": 0.23403997094321757,
  "Q24": 0.10135680401966991,
  "Q25": 0.07957924277423939,
  "Q26": 0.004435141102402268,
  "Q27": 0.0007580416914965222,
  "Q28": 0.008759503833671536,
  "Q29": 0.12572482740705504,
  "Q30": 5.363445511637444e-07,
  "Q31": 5.363445511637444e-07,
  "Q32": 0.03512117872502869,
  "Q33": 0.42759882982681696,
  "Q34": 5.363445511637444e-07,
  "Q35": 0.5409192324401452,
  "Q36": 0.020462112652736276,
  "Q37": 0.09566396025552777,
  "Q38": 0.2927562744649267,
  "Q39": 0.39453167135618716,
  "Q40": 0.01634324018916869,
  "Q41": 0.025031389579989526,
  "Q42": 0.21358709390062672,
  "Q43": 0.14496453519283517,
  "Q44": 0.9999993953736869,
  "Q45": 0.14683722574716743,
  "Q46": 0.1120524329623568,
  "Q47": 0.10550422348810294,
  "Q48": 0.029426927429098294,
  "Q49": 0.07859576445144607,
  "Q50": 0.05850948956576421,
  "Q51": 0.049279002889282775,
  "Q52": 0.009413699036965985,
  "Q53": 0.20263518984119105,
  "Q54": 0.017294665283441035,
  "Q55": 0.02256525775982548,
  "Q56": 0.16635939053175655,
  "Q57": 0.02910185688356302,
  "Q58": 0.07094279761637509,
  "Q59": 5.363445511637444e-07,
  "Q60": 0.028593086711121787,
  "Q61": 0.06650487270418053,
  "Q62": 5.363445511637444e-07,
  "Q63": 0.029890256118312385,
  "Q64": 0.1979041670924856,
  "Q65": 0.032925602682189775,
  "Q66": 0.33479082054688136,
  "Q67": 0.1499064906335535,
  "Q68": 5.363445511637444e-07,
  "Q69": 5.363445511637444e-07,
  "Q70": 5.363445511637444e-07,
  "Q71": 0.15118004046861816,
  "Q72": 5.363445511637444e-07,
  "Q73": 0.4177136974156156,
  "Q74": 0.00012035796737357949,
  "Q75": 5.363445511637444e-07,
  "Q76": 0.015753812239645715,
  "Q77": 0.03964896141951261,
  "Q78": 0.08097365086697603,
  "Q79": 0.011654345134244303,
  "Q80": 0.030215833227753657,
  "Q81": 0.6214104713209617,
  "Q82": 0.003419355283215148,
  "Q83": 0.027854499391521636,
  "Q84": 5.363445511637444e-07,
  "Q85": 0.19612847946497902,
  "Q86": 0.09416027573758617,
  "Q87": 5.363445511637444e-07,
  "Q88": 0.09547554135128224,
  "Q89": 0.09646689119432128,
  "Q90": 0.04337572916234855,
  "Q91": 0.013834796696139467,
  "Q92": 0.6776645349780939,
  "Q93": 5.363445511637444e-07,
  "Q94": 5.363445511637444e-07,
  "Q95": 0.14747247160615154,
  "Q96": 5.363445511637444e-07,
  "Q97": 0.24307149440548165,
  "Q98": 5.363445511637444e-07,
  "Q99": 5.363445511637444e-07,
  "Q100": 0.026206929614025078,
  "Q101": 0.0018532820497650722,
  "Q102": 5.363445511637444e-07,
  "Q103": 0.0050001906315564676,
  "Q104": 0.04832056821646124,
  "Q105": 0.43318413421563184,
  "Q106": 0.3827766408841498,
  "Q107": 5.363445511637444e-07,
  "Q108": 0.3661713870662463,
  "Q109": 0.037377966389798074,
  "Q110": 0.007473701204392046,
  "Q111": 0.055822517302846,
  "Q112": 0.35386698443318826,
  "Q113": 0.07376163234344309,
  "Q114": 0.05949199134181744,
  "Q115": 0.1659224385459946,
  "Q116": 0.14914194558279167
}