{
  "Q1": 0.654220020468225,
  "Q2": 0.6553895706322677,
  "Q3": 0.6238643821183795,
  "Q4": 0.6258907627689128,
  "Q5": 0.6510839034722139,
  "Q6": 0.6014686941182273,
  "Q7": 0.6240333315783669,
  "Q8": 0.6530044396022394,
  "Q9": 0.6341223930001615,
  "Q10": 0.6196933711184976,
  "Q11": 0.6507678340177349,
  "Q12": 0.6384398164423017,
  "Q13": 0.6439407017142246,
  "Q14": 0.6175313280005419,
  "Q15": 0.6435398790326576,
  "Q16": 0.6265390844408286,
  "Q17": 0.6316973124071834,
  "Q18": 0.652529327412204,
  "Q19": 0.652928936150684,
  "Q20": 0.6448911607271269,
  "Q21": 0.6469854971968454,
  "Q22": 0.6461507082749484,
  "Q23": 0.6252892970592305,
  "Q24": 0.6371709759161316,
  "Q25": 0.6290287838162459,
  "Q26": 0.5834933592478826,
  "Q27": 0.6229309468996655,
  "Q28": 0.5933908516066186,
  "Q29": 0.6057176155263808,
  "Q30": 0.6475222995066946,
  "Q31": 0.6767251777253728,
  "Q32": 0.6206696497492642,
  "Q33": 0.6535240605573337,
  "Q34": 0.6307616084315851,
  "Q35": 0.6518830312179712,
  "Q36": 0.6168311894784679,
  "Q37": 0.6513600560039898,
  "Q38": 0.6551094057834286,
  "Q39": 0.6133853054502736,
  "Q40": 0.6587090438918672,
  "Q41": 0.6145017235760913,
  "Q42": 0.639983796100395,
  "Q43": 0.6544203276379132,
  "Q44": 0.6528398420603989,
  "Q45": 0.6415657419537935,
  "Q46": 0.639821924327996,
  "Q47": 0.6068520526554136,
  "Q48": 0.6364350998905539,
  "Q49": 0.6223643750869381,
  "Q50": 0.6096970574794499,
  "Q51": 0.5961056096045521,
  "Q52": 0.5917805888466046,
  "Q53": 0.6483111835693992,
  "Q54": 0.6309335056073907,
  "Q55": 0.6532951931858715,
  "Q56": 0.6219896212537795,
  "Q57": 0.5704109084977297,
  "Q58": 0.6328397691163095,
  "Q59": 0.6522955734426734,
  "Q60": 0.6524414333726504,
  "Q61": 0.6454816442924354,
  "Q62": 0.6239446651117067,
  "Q63": 0.6165261465890702,
  "Q64": 0.6167955614982699,
  "Q65": 0.6248212788765359,
  "Q66": 0.6124877643831704,
  "Q67": 0.6544394858489954,
  "Q68": 0.6475697819369496,
  "Q69": 0.6454935998394735,
  "Q70": 0.6516861157272943,
  "Q71": 0.654110423908071,
  "Q72": 0.6460462379773187,
  "Q73": 0.6540951819903073,
  "Q74": 0.6505706660835783,
  "Q75": 0.6502756745970155,
  "Q76": 0.6425186187292371,
  "Q77": 0.6295829339441207,
  "Q78": 0.6430722303674546,
  "Q79": 0.6358636062130667,
  "Q80": 0.625268120821311,
  "Q81": 0.6507278245019316,
  "Q82": 0.5913431249495174,
  "Q83": 0.6137551465421525,
  "Q84": 0.6083811901020353,
  "Q85": 0.6535521204816171,
  "Q86": 0.609936503125762,
  "Q87": 0.6264012697490573,
  "Q88": 0.601239897224572,
  "Q89": 0.6540190998087025,
  "Q90": 0.6334829167002427,
  "Q91": 0.6267442081949263,
  "Q92": 0.6498253205006717,
  "Q93": 0.6532622395355966,
  "Q94": 0.6507400618226769,
  "Q95": 0.6521166530456536,
  "Q96": 0.6385519005692487,
  "Q97": 0.652836803952577,
  "Q98": 0.6497227915141848,
  "Q99": 0.6500307230231983,
  "Q100": 0.6488967167598798,
  "Q101": 0.5779543729223561,
  "Q102": 0.5726467058398624,
  "Q103": 0.5893834537885889,
  "Q104": 0.6603962594407983,
  "Q105": 0.6480365471410328,
  "Q106": 0.6512300406493358,
  "Q107": 0.6422030040528581,
  "Q108": 0.6526055433302156,
  "Q109": 0.6286126980664155,
  "Q110": 0.5976520457294802,
  "Q111": 0.6415430241080693,
  "Q112": 0.6537708773383436,
  "Q113": 0.6101725364873261,
  "Q114": 0.6228283153509511,
  "Q115": 0.6537874187571848,
  "Q116": 0.6426502275241665
}