{
  "Q1": 0.6540925362229355,
  "Q2": 0.655382068675076,
  "Q3": 0.6155806037415148,
  "Q4": 0.6252334599958341,
  "Q5": 0.6515133730692917,
  "Q6": 0.6013275643766595,
  "Q7": 0.580062820460519,
  "Q8": 0.6539906923290337,
  "Q9": 0.6342517488349972,
  "Q10": 0.6200393375929152,
  "Q11": 0.6513077185112293,
  "Q12": 0.638135670664241,
  "Q13": 0.6441165249568412,
  "Q14": 0.632632216329932,
  "Q15": 0.6282514014528893,
  "Q16": 0.6228598925126895,
  "Q17": 0.6320403655419703,
  "Q18": 0.6525348428394399,
  "Q19": 0.6528857484855107,
  "Q20": 0.6668027787989836,
  "Q21": 0.6472917619792306,
  "Q22": 0.6438818684091586,
  "Q23": 0.626624554181925,
  "Q24": 0.6375961501148324,
  "Q25": 0.62893120943293,
  "Q26": 0.5836087499859206,
  "Q27": 0.5959254630166636,
  "Q28": 0.6092186086536882,
  "Q29": 0.6347999794011971,
  "Q30": 0.6471046831457213,
  "Q31": 0.6759859420126384,
  "Q32": 0.6226071431056396,
  "Q33": 0.6532897856374129,
  "Q34": 0.6257224988833557,
  "Q35": 0.6537282785040842,
  "Q36": 0.6177500780809528,
  "Q37": 0.6510411063768187,
  "Q38": 0.6546048970860521,
  "Q39": 0.638580700862046,
  "Q40": 0.6239282701861788,
  "Q41": 0.6129394624339314,
  "Q42": 0.6396918818045048,
  "Q43": 0.6544224975911288,
  "Q44": 0.6526323938346341,
  "Q45": 0.6491126280723761,
  "Q46": 0.6405516930808107,
  "Q47": 0.5967564337176986,
  "Q48": 0.6423314325081999,
  "Q49": 0.6197201828113031,
  "Q50": 0.6002890658086422,
  "Q51": 0.593736957450713,
  "Q52": 0.6010342290686294,
  "Q53": 0.6485575129215058,
  "Q54": 0.6320623168238193,
  "Q55": 0.6469269303029018,
  "Q56": 0.6264822780781989,
  "Q57": 0.5740720286421936,
  "Q58": 0.6329269442829246,
  "Q59": 0.652512423423271,
  "Q60": 0.6520789710818842,
  "Q61": 0.6456172364825254,
  "Q62": 0.6195813366510412,
  "Q63": 0.6158723135883601,
  "Q64": 0.616551850195433,
  "Q65": 0.6079208444288836,
  "Q66": 0.6099896508016444,
  "Q67": 0.6544114824265083,
  "Q68": 0.6475168160637294,
  "Q69": 0.6450346278996967,
  "Q70": 0.6517437116780375,
  "Q71": 0.6553057453651749,
  "Q72": 0.6459397354702258,
  "Q73": 0.6540730536399318,
  "Q74": 0.6504949985669707,
  "Q75": 0.6501809474570428,
  "Q76": 0.6364610178778225,
  "Q77": 0.6321766721214597,
  "Q78": 0.6430672318875822,
  "Q79": 0.6360555263883323,
  "Q80": 0.6215982291985845,
  "Q81": 0.6508422087268788,
  "Q82": 0.589015547480082,
  "Q83": 0.6232778139651464,
  "Q84": 0.5969435066653273,
  "Q85": 0.6535428218853959,
  "Q86": 0.6094981777295756,
  "Q87": 0.6240484113016985,
  "Q88": 0.6104905076410728,
  "Q89": 0.6539216604936878,
  "Q90": 0.6280205782778223,
  "Q91": 0.6199197058075684,
  "Q92": 0.6498485195852289,
  "Q93": 0.6522877990663749,
  "Q94": 0.6506448245397191,
  "Q95": 0.6521816085842603,
  "Q96": 0.6456209414807981,
  "Q97": 0.6531367158164146,
  "Q98": 0.6492304302690894,
  "Q99": 0.6501715402436298,
  "Q100": 0.6491412603813644,
  "Q101": 0.575697402355199,
  "Q102": 0.5845859956188746,
  "Q103": 0.5908116417551645,
  "Q104": 0.6027388513578091,
  "Q105": 0.6480270141378943,
  "Q106": 0.65163917124506,
  "Q107": 0.642053591140611,
  "Q108": 0.6742958446138884,
  "Q109": 0.6297421274263695,
  "Q110": 0.599307360308989,
  "Q111": 0.6420613503297861,
  "Q112": 0.6541928313581422,
  "Q113": 0.6597675105387247,
  "Q114": 0.637944402626833,
  "Q115": 0.6536589782243415,
  "Q116": 0.6442769479586103
}