{
  "Q1": 0.16220220203293273,
  "Q2": 0.185468637050258,
  "Q3": 0.3609862958408897,
  "Q4": 0.42102609998924784,
  "Q5": 0.25900303525485846,
  "Q6": 0.4729043271059502,
  "Q7": 0.4930382170558916,
  "Q8": 0.26297931099528016,
  "Q9": 0.3417145172255309,
  "Q10": 0.394256973654768,
  "Q11": 0.23241347110115237,
  "Q12": 0.32273516776274824,
  "Q13": 0.28350652518615704,
  "Q14": 0.37118236854576414,
  "Q15": 0.4221946339315562,
  "Q16": 0.4379733216238495,
  "Q17": 0.3348988387553995,
  "Q18": 0.13827975010847326,
  "Q19": 0.1982483679438631,
  "Q20": 0.1617102976845016,
  "Q21": 0.2183571194911709,
  "Q22": 0.28486905941235874,
  "Q23": 0.3824079889440718,
  "Q24": 0.3711093417221053,
  "Q25": 0.4876293035512391,
  "Q26": 0.5037802916995952,
  "Q27": 0.4718883857901517,
  "Q28": 0.4930079600195192,
  "Q29": 0.4507920959361515,
  "Q30": 0.402284125275601,
  "Q31": 0.2270814566837655,
  "Q32": 0.4812420412949968,
  "Q33": 0.31329245051914467,
  "Q34": 0.43078192522168396,
  "Q35": 0.39025571334546044,
  "Q36": 0.4746656448338687,
  "Q37": 0.2373555481984367,
  "Q38": 0.37290650695761296,
  "Q39": 0.4581817020382539,
  "Q40": 0.4639997717407728,
  "Q41": 0.4527153655527152,
  "Q42": 0.3596823267855021,
  "Q43": 0.3123130983530479,
  "Q44": 0.8415493776742612,
  "Q45": 0.41697642134680424,
  "Q46": 0.43103628300248287,
  "Q47": 0.47721428593322407,
  "Q48": 0.48622667293683364,
  "Q49": 0.5059013528129694,
  "Q50": 0.47345218546446627,
  "Q51": 0.46170097656457215,
  "Q52": 0.4586781519792792,
  "Q53": 0.28332553435438135,
  "Q54": 0.4248964596939426,
  "Q55": 0.47838785572311693,
  "Q56": 0.41530114589508743,
  "Q57": 0.4618020199746843,
  "Q58": 0.35840510187445024,
  "Q59": 0.13586551856034923,
  "Q60": 0.12107547040953691,
  "Q61": 0.2090163595574003,
  "Q62": 0.37118389211256114,
  "Q63": 0.43750226724936847,
  "Q64": 0.43348892809907486,
  "Q65": 0.3960020491127366,
  "Q66": 0.43623230160662885,
  "Q67": 0.2641367179585297,
  "Q68": 0.22513347108790904,
  "Q69": 0.37376457173077954,
  "Q70": 0.15400632378050486,
  "Q71": 0.26378758635410815,
  "Q72": 0.22375899730705132,
  "Q73": 0.2883183888683515,
  "Q74": 0.0483225533949447,
  "Q75": 0.07649600827779689,
  "Q76": 0.3843090908456185,
  "Q77": 0.39620222310069325,
  "Q78": 0.2789060162132589,
  "Q79": 0.34649687113502453,
  "Q80": 0.3568085756659415,
  "Q81": 0.3476445826524589,
  "Q82": 0.47864246154939405,
  "Q83": 0.4182375031367459,
  "Q84": 0.44223321882929023,
  "Q85": 0.30343684272397686,
  "Q86": 0.4443317217318997,
  "Q87": 0.4030748837133766,
  "Q88": 0.4900566002737362,
  "Q89": 0.2552056701386942,
  "Q90": 0.42483186776106874,
  "Q91": 0.4808103578121016,
  "Q92": 0.3054952000612393,
  "Q93": 0.2522693234936784,
  "Q94": 0.2511767073625075,
  "Q95": 0.28913403586030606,
  "Q96": 0.35163457137689424,
  "Q97": 0.25570240664195304,
  "Q98": 0.11918540858279662,
  "Q99": 0.07590068815712683,
  "Q100": 0.16018859794759532,
  "Q101": 0.5610501849568996,
  "Q102": 0.48760929931489627,
  "Q103": 0.5282001503441329,
  "Q104": 0.4883738826152324,
  "Q105": 0.41298847636379893,
  "Q106": 0.4315030394191311,
  "Q107": 0.20451089487520097,
  "Q108": 0.10862344194778845,
  "Q109": 0.4059250145275006,
  "Q110": 0.48404626142428764,
  "Q111": 0.4402222509050095,
  "Q112": 0.35948358518179707,
  "Q113": 0.506263902878844,
  "Q114": 0.5564901808225106,
  "Q115": 0.44519754896389147,
  "Q116": 0.45053845148595645
}